{
  "per_fold": [
    {
      "holdout": "1",
      "n_targets": 10,
      "pretrained_beam": {
        "in": 0.3757164515050424,
        "hold": 3.2408192317389
      },
      "selective_beam": {
        "in": 0.23216808963000407,
        "hold": 0.9326841505582051
      },
      "pysr": {
        "in": 0.005749429543779251,
        "hold": 0.13709974037595335
      }
    },
    {
      "holdout": "10",
      "n_targets": 10,
      "pretrained_beam": {
        "in": 0.6875049007032784,
        "hold": 1.1351442518572799
      },
      "selective_beam": {
        "in": 0.19057927671382846,
        "hold": 0.6040721725835742
      },
      "pysr": {
        "in": 0.010528702208079964,
        "hold": 0.06087038774142063
      }
    },
    {
      "holdout": "11",
      "n_targets": 10,
      "pretrained_beam": {
        "in": 0.6255204184238762,
        "hold": 0.5838659858113395
      },
      "selective_beam": {
        "in": 0.16554915036504173,
        "hold": 0.19811021667521567
      },
      "pysr": {
        "in": 0.00460948166898709,
        "hold": 0.5898588392891988
      }
    },
    {
      "holdout": "2",
      "n_targets": 10,
      "pretrained_beam": {
        "in": 0.6062223838078262,
        "hold": 0.8736275723890101
      },
      "selective_beam": {
        "in": 0.24221842590307965,
        "hold": 0.21238141815050746
      },
      "pysr": {
        "in": 0.012026635216709044,
        "hold": 0.02312411886797556
      }
    }
  ],
  "aggregate": {
    "pretrained_beam": {
      "metric": "nmse",
      "mean_in": 0.5737410386100058,
      "mean_hold": 1.4583642604491325,
      "hold_ci95": 1.1852573831274436,
      "gap_mean": 0.8846232218391266,
      "gap_ci95": 1.3089761082716453,
      "n_folds": 4.0
    },
    "selective_beam": {
      "metric": "nmse",
      "mean_in": 0.20762873565298848,
      "mean_hold": 0.4868119894918756,
      "hold_ci95": 0.34472827962270075,
      "gap_mean": 0.2791832538388871,
      "gap_ci95": 0.3356298222320251,
      "n_folds": 4.0
    },
    "pysr": {
      "metric": "nmse",
      "mean_in": 0.008228562159388837,
      "mean_hold": 0.2027382715686371,
      "hold_ci95": 0.25715026398079144,
      "gap_mean": 0.19450970940924825,
      "gap_ci95": 0.25995630437805023,
      "n_folds": 4.0
    }
  }
}