{
  "per_fold": [
    {
      "holdout": "1",
      "n_targets": 10,
      "pretrained_beam": {
        "in": 0.4492950640080233,
        "hold": 1.1683781973661274
      },
      "selective_beam": {
        "in": 0.1155536701843295,
        "hold": 0.8607636468546497
      }
    },
    {
      "holdout": "10",
      "n_targets": 10,
      "pretrained_beam": {
        "in": 0.6875049007032794,
        "hold": 0.958786350980708
      },
      "selective_beam": {
        "in": 0.18435117085535896,
        "hold": 0.6047276393544754
      }
    },
    {
      "holdout": "11",
      "n_targets": 10,
      "pretrained_beam": {
        "in": 0.7625203320897007,
        "hold": 0.4126597381535046
      },
      "selective_beam": {
        "in": 0.16554553170117065,
        "hold": 0.19815213897231568
      }
    },
    {
      "holdout": "2",
      "n_targets": 10,
      "pretrained_beam": {
        "in": 0.31571799870484113,
        "hold": 0.8819614913472064
      },
      "selective_beam": {
        "in": 0.2697086579225758,
        "hold": 0.2114251878305628
      }
    }
  ],
  "aggregate": {
    "pretrained_beam": {
      "metric": "nmse",
      "mean_in": 0.5537595738764611,
      "mean_hold": 0.8554464444618866,
      "hold_ci95": 0.3126637913867992,
      "gap_mean": 0.3016868705854254,
      "gap_ci95": 0.46300840760936623,
      "n_folds": 4.0
    },
    "selective_beam": {
      "metric": "nmse",
      "mean_in": 0.18378975766585873,
      "mean_hold": 0.4687671532530009,
      "hold_ci95": 0.3158398140058621,
      "gap_mean": 0.2849773955871422,
      "gap_ci95": 0.36302617066090626,
      "n_folds": 4.0
    }
  }
}