{
  "val_ce": {
    "decoder_0": {
      "mean": 0.1820703109157996,
      "std": 0.004983021394082312,
      "sem": 0.0028769487432510872,
      "ci95": 0.005638819536772131,
      "n": 3.0,
      "top3_frac": 0.0
    },
    "decoder_1": {
      "mean": 0.42825651470371934,
      "std": 0.025248982971305522,
      "sem": 0.014577507115247522,
      "ci95": 0.028571913945885142,
      "n": 3.0,
      "top3_frac": 0.0
    },
    "decoder_2": {
      "mean": 0.6262832980445049,
      "std": 0.026890653355913566,
      "sem": 0.015525325953721612,
      "ci95": 0.030429638869294357,
      "n": 3.0,
      "top3_frac": 1.0
    },
    "decoder_3": {
      "mean": 0.7999085844268125,
      "std": 0.05363675756288423,
      "sem": 0.03096719641738991,
      "ci95": 0.06069570497808422,
      "n": 3.0,
      "top3_frac": 1.0
    },
    "decoder_4": {
      "mean": 0.8111256405632178,
      "std": 0.04098054499230617,
      "sem": 0.02366012868284554,
      "ci95": 0.046373852218377254,
      "n": 3.0,
      "top3_frac": 1.0
    },
    "encoder_0": {
      "mean": 0.10093843922411382,
      "std": 0.0006505554934790269,
      "sem": 0.00037559838928290603,
      "ci95": 0.0007361728429944958,
      "n": 3.0,
      "top3_frac": 0.0
    },
    "encoder_1": {
      "mean": 0.25397172951476465,
      "std": 0.022647661389885408,
      "sem": 0.013075633399965834,
      "ci95": 0.025628241463933034,
      "n": 3.0,
      "top3_frac": 0.0
    },
    "encoder_2": {
      "mean": 0.3136708925153655,
      "std": 0.001714133952222396,
      "sem": 0.0009896556987426775,
      "ci95": 0.0019397251695356479,
      "n": 3.0,
      "top3_frac": 0.0
    },
    "encoder_3": {
      "mean": 0.30827978103345394,
      "std": 0.0017851319233780096,
      "sem": 0.0010306463965012883,
      "ci95": 0.002020066937142525,
      "n": 3.0,
      "top3_frac": 0.0
    },
    "encoder_4": {
      "mean": 0.20842760717104078,
      "std": 0.0036655312784976703,
      "sem": 0.0021162954703636233,
      "ci95": 0.004147939121912702,
      "n": 3.0,
      "top3_frac": 0.0
    },
    "encoder_5": {
      "mean": 0.2120116687828927,
      "std": 0.003405668972318794,
      "sem": 0.001966263897939012,
      "ci95": 0.0038538772399604633,
      "n": 3.0,
      "top3_frac": 0.0
    },
    "output_head": {
      "mean": 0.09437162275532307,
      "std": 0.0055302719155289415,
      "sem": 0.003192903979122462,
      "ci95": 0.006258091799080026,
      "n": 3.0,
      "top3_frac": 0.0
    }
  },
  "nmse": {
    "decoder_0": {
      "mean": -0.40399156570020994,
      "std": 0.024306778666537587,
      "sem": 0.014033525206258128,
      "ci95": 0.027505709404265933,
      "n": 3.0,
      "top3_frac": 0.0
    },
    "decoder_1": {
      "mean": 0.11539109959952014,
      "std": 0.23488538339592657,
      "sem": 0.13561113933234667,
      "ci95": 0.2657978330913995,
      "n": 3.0,
      "top3_frac": 0.0
    },
    "decoder_2": {
      "mean": 0.5900877506346016,
      "std": 0.08783793051870706,
      "sem": 0.050713252830035166,
      "ci95": 0.09939797554686892,
      "n": 3.0,
      "top3_frac": 0.3333333333333333
    },
    "decoder_3": {
      "mean": 0.6354574382684515,
      "std": 0.021385454234282914,
      "sem": 0.012346897758905663,
      "ci95": 0.0241999196074551,
      "n": 3.0,
      "top3_frac": 0.3333333333333333
    },
    "decoder_4": {
      "mean": 0.4129546556822581,
      "std": 0.2040130074840789,
      "sem": 0.1177869647891181,
      "ci95": 0.23086245098667146,
      "n": 3.0,
      "top3_frac": 0.0
    },
    "encoder_0": {
      "mean": 0.20478921400405892,
      "std": 0.20619976031764575,
      "sem": 0.11904948712622909,
      "ci95": 0.23333699476740902,
      "n": 3.0,
      "top3_frac": 0.0
    },
    "encoder_1": {
      "mean": 0.6797955991769385,
      "std": 0.026693337724545216,
      "sem": 0.015411405720835774,
      "ci95": 0.030206355212838116,
      "n": 3.0,
      "top3_frac": 1.0
    },
    "encoder_2": {
      "mean": 0.5496867798277517,
      "std": 0.05054102580101022,
      "sem": 0.02917987485133307,
      "ci95": 0.05719255470861282,
      "n": 3.0,
      "top3_frac": 0.0
    },
    "encoder_3": {
      "mean": 0.6597176328931554,
      "std": 0.00516989838491987,
      "sem": 0.002984842224216499,
      "ci95": 0.005850290759464338,
      "n": 3.0,
      "top3_frac": 1.0
    },
    "encoder_4": {
      "mean": 0.6262352832161386,
      "std": 0.004809545639711905,
      "sem": 0.0027767924697674595,
      "ci95": 0.00544251324074422,
      "n": 3.0,
      "top3_frac": 0.0
    },
    "encoder_5": {
      "mean": 0.6262352832163233,
      "std": 0.0048095456398217365,
      "sem": 0.0027767924698308705,
      "ci95": 0.005442513240868506,
      "n": 3.0,
      "top3_frac": 0.3333333333333333
    },
    "output_head": {
      "mean": -0.019520349189680156,
      "std": 0.12691713975368907,
      "sem": 0.07327564480156974,
      "ci95": 0.1436202638110767,
      "n": 3.0,
      "top3_frac": 0.0
    }
  },
  "r2": {
    "decoder_0": {
      "mean": -0.44437085294743417,
      "std": 0.19708607343907053,
      "sem": 0.11378769755357374,
      "ci95": 0.22302388720500452,
      "n": 3.0,
      "top3_frac": 0.0
    },
    "decoder_1": {
      "mean": 0.09361788022618156,
      "std": 0.18719717832272884,
      "sem": 0.10807834129616588,
      "ci95": 0.21183354894048512,
      "n": 3.0,
      "top3_frac": 0.0
    },
    "decoder_2": {
      "mean": 0.6317340482551573,
      "std": 0.07367773359846556,
      "sem": 0.04253785932635563,
      "ci95": 0.08337420427965703,
      "n": 3.0,
      "top3_frac": 0.3333333333333333
    },
    "decoder_3": {
      "mean": 0.6573049253128076,
      "std": 0.0546171138459379,
      "sem": 0.031533205381312684,
      "ci95": 0.06180508254737286,
      "n": 3.0,
      "top3_frac": 0.3333333333333333
    },
    "decoder_4": {
      "mean": 0.5593318598937214,
      "std": 0.1387026761614406,
      "sem": 0.08008002741912923,
      "ci95": 0.1569568537414933,
      "n": 3.0,
      "top3_frac": 0.3333333333333333
    },
    "encoder_0": {
      "mean": 0.07332681321301482,
      "std": 0.051558105139920596,
      "sem": 0.029767085881440187,
      "ci95": 0.05834348832762277,
      "n": 3.0,
      "top3_frac": 0.0
    },
    "encoder_1": {
      "mean": 0.6100778852948413,
      "std": 0.0884990375975644,
      "sem": 0.05109494317997662,
      "ci95": 0.10014608863275418,
      "n": 3.0,
      "top3_frac": 0.0
    },
    "encoder_2": {
      "mean": 0.5670818769250269,
      "std": 0.09956778383660637,
      "sem": 0.057485486800679164,
      "ci95": 0.11267155412933116,
      "n": 3.0,
      "top3_frac": 0.0
    },
    "encoder_3": {
      "mean": 0.7196680833298519,
      "std": 0.010954044095526366,
      "sem": 0.006324320307267178,
      "ci95": 0.01239566780224367,
      "n": 3.0,
      "top3_frac": 1.0
    },
    "encoder_4": {
      "mean": 0.6988158658145601,
      "std": 0.010735426984060032,
      "sem": 0.006198101659112633,
      "ci95": 0.01214827925186076,
      "n": 3.0,
      "top3_frac": 0.3333333333333333
    },
    "encoder_5": {
      "mean": 0.6988158658155913,
      "std": 0.010735426984945909,
      "sem": 0.006198101659624093,
      "ci95": 0.012148279252863223,
      "n": 3.0,
      "top3_frac": 0.6666666666666666
    },
    "output_head": {
      "mean": 0.028362463820606105,
      "std": 0.36637098693304354,
      "sem": 0.21152438792906156,
      "ci95": 0.41458780034096065,
      "n": 3.0,
      "top3_frac": 0.0
    }
  },
  "var_f1": {
    "decoder_0": {
      "mean": null,
      "std": null,
      "sem": null,
      "ci95": null,
      "n": 0.0,
      "top3_frac": 0.0
    },
    "decoder_1": {
      "mean": null,
      "std": null,
      "sem": null,
      "ci95": null,
      "n": 0.0,
      "top3_frac": 0.0
    },
    "decoder_2": {
      "mean": null,
      "std": null,
      "sem": null,
      "ci95": null,
      "n": 0.0,
      "top3_frac": 0.0
    },