{
  "0.0": {
    "pretrained_beam": {
      "n_eval": 6.0,
      "n_valid": 6.0,
      "nmse": 0.20474411371963416,
      "r2": 0.6878857792924895,
      "var_f1": 1.0,
      "sym_rate": 0.0,
      "mean_time_sec": 2.0290240049362183,
      "total_time_sec": 12.17414402961731
    },
    "pretrained_tpsr": {
      "n_eval": 6.0,
      "n_valid": 6.0,
      "nmse": 0.0768707035267082,
      "r2": 0.8967371155291999,
      "var_f1": 1.0,
      "sym_rate": 0.0,
      "mean_time_sec": 20.72738540172577,
      "total_time_sec": 124.36431241035461
    },
    "selective_beam": {
      "n_eval": 6.0,
      "n_valid": 6.0,
      "nmse": 0.030684997786725267,
      "r2": 0.942722427785175,
      "var_f1": 1.0,
      "sym_rate": 0.0,
      "mean_time_sec": 2.2448805570602417,
      "total_time_sec": 13.46928334236145
    },
    "selective_tpsr": {
      "n_eval": 6.0,
      "n_valid": 5.0,
      "nmse": 0.017453650758999472,
      "r2": 0.9402296374357031,
      "var_f1": 0.8333333333333334,
      "sym_rate": 0.0,
      "mean_time_sec": 35.70704309145609,
      "total_time_sec": 214.24225854873657
    }
  },
  "0.1": {
    "pretrained_beam": {
      "n_eval": 6.0,
      "n_valid": 6.0,
      "nmse": 0.22503057991878167,
      "r2": 0.604134929324494,
      "var_f1": 1.0,
      "sym_rate": 0.0,
      "mean_time_sec": 2.8472851514816284,
      "total_time_sec": 17.08371090888977
    },
    "pretrained_tpsr": {
      "n_eval": 6.0,
      "n_valid": 6.0,
      "nmse": 0.2493759932832048,
      "r2": 0.6499711742916123,
      "var_f1": 1.0,
      "sym_rate": 0.0,
      "mean_time_sec": 29.778666853904724,
      "total_time_sec": 178.67200112342834
    },
    "selective_beam": {
      "n_eval": 6.0,
      "n_valid": 6.0,
      "nmse": 0.022210865200252637,
      "r2": 0.9682783557747572,
      "var_f1": 1.0,
      "sym_rate": 0.0,
      "mean_time_sec": 2.2085309425989785,
      "total_time_sec": 13.251185655593872
    },
    "selective_tpsr": {
      "n_eval": 6.0,
      "n_valid": 6.0,
      "nmse": 0.049001332285572075,
      "r2": 0.9204640048624282,
      "var_f1": 1.0,
      "sym_rate": 0.0,
      "mean_time_sec": 33.2484378417333,
      "total_time_sec": 199.49062705039978
    }
  }
}