{
  "val_ce": {
    "output_head": 0.05145473144226242,
    "encoder_0": 0.08246844781565298,
    "encoder_1": 0.2290095044444918,
    "encoder_2": 0.2117183952845022,
    "encoder_3": 0.16496610160793712,
    "encoder_4": 0.07719318716867102,
    "encoder_5": 0.07804959732776334,
    "decoder_0": 0.1918010902164008,
    "decoder_1": 0.35919383651947695,
    "decoder_2": 0.4980260996041591,
    "decoder_3": 0.636746808256874,
    "decoder_4": 0.6713469703431562
  },
  "nmse": {
    "output_head": 0.22538827359941127,
    "encoder_0": 0.6611460794455933,
    "encoder_1": 0.7967190685639276,
    "encoder_2": 0.9524794652059184,
    "encoder_3": 0.7967187709116839,
    "encoder_4": 0.31857491174018765,
    "encoder_5": 0.3808436800116183,
    "decoder_0": 0.7435444848064521,
    "decoder_1": 0.7435444837222643,
    "decoder_2": 0.44260556563615444,
    "decoder_3": 0.2253882745309347,
    "decoder_4": 0.36730365205900933
  },
  "r2": {
    "output_head": 0.07272040210602569,
    "encoder_0": 0.406015432580461,
    "encoder_1": 0.6207200964278117,
    "encoder_2": 0.908113503665951,
    "encoder_3": 0.6207196320276146,
    "encoder_4": 0.22682563271892844,
    "encoder_5": 0.29883970782573016,
    "decoder_0": 0.6027667754026852,
    "decoder_1": 0.6027667742936185,
    "decoder_2": 0.04955713893525381,
    "decoder_3": 0.07272040305892633,
    "decoder_4": 0.21789232138554676
  },
  "var_f1": {
    "output_head": -0.0,
    "encoder_0": -0.0,
    "encoder_1": -0.0,
    "encoder_2": -0.0,
    "encoder_3": -0.0,
    "encoder_4": -0.0,
    "encoder_5": -0.0,
    "decoder_0": -0.0,
    "decoder_1": -0.0,
    "decoder_2": -0.0,
    "decoder_3": -0.0,
    "decoder_4": -0.0
  },
  "sym_rate": {
    "output_head": 0.0,
    "encoder_0": 0.0,
    "encoder_1": 0.0,
    "encoder_2": 0.0,
    "encoder_3": 0.0,
    "encoder_4": 0.0,
    "encoder_5": 0.0,
    "decoder_0": 0.0,
    "decoder_1": 0.0,
    "decoder_2": 0.0,
    "decoder_3": 0.0,
    "decoder_4": 0.0
  }
}